user_id,num_clicks,num_sessions,avg_session_duration,avg_bags,age,birthdate,gender,married,has_children,home_country,num_trips,num_flights,money_spent_hotel,time_after_booking,avg_km_flown,perk,avg_nights_per_trip,group_k_means,cluster_name,value_score,booking_segment,group_dbscan
106907,240,8,758.915066125,5.0,46.0,1978-11-17,1,1,1,0,0,0,0.0,0.0,0.0,30% off first travel,11.0,7,Solo Jetsetters,9.371901037450295,First Timer,-1
171470,446,8,1842.5,0.3333333333333333,25.0,1999-09-14,1,0,0,0,0,0,0.0,0.0,0.0,30% off first travel,0.0,7,Solo Jetsetters,22.114126456565177,First Timer,-1
174997,252,8,991.75,0.3333333333333333,33.0,1991-11-01,1,0,0,0,2,4,448.0,7.5,1538.2757842488543,10% off next trip,1.5,7,Solo Jetsetters,19.863189764726545,General,-1
204943,292,8,1043.5,1.2857142857142858,42.0,1982-12-20,0,0,0,1,5,10,3820.0,8.0,1571.027917851075,free meal,6.857142857142857,7,Solo Jetsetters,36.87841379609554,Luxury Traveler,-1
204997,439,8,1399.17795025,0.6,39.0,1985-08-26,1,1,0,0,2,4,284.0,7.0,1281.5059324606702,10% off next trip,4.5,7,Solo Jetsetters,25.725026199292582,General,-1
220725,316,9,948.8888888888889,0.2,41.0,1983-07-28,1,0,0,0,3,6,962.0,5.0,3128.076980234809,10% off next trip,3.75,7,Solo Jetsetters,24.69938883740756,General,-1
229108,321,8,1012.25,0.0,27.0,1998-05-28,1,0,0,0,0,0,0.0,0.0,0.0,30% off first travel,0.0,7,Solo Jetsetters,12.741883791322927,First Timer,-1
306819,329,8,1061.875,0.3333333333333333,61.0,1964-04-02,1,1,1,0,1,2,370.0,4.0,293.18110814727305,meal voucher,0.3333333333333333,7,Solo Jetsetters,17.584794584916196,General,-1
313724,351,8,1110.375,0.8,53.0,1972-05-13,1,0,0,0,4,6,3217.0,5.666666666666667,1710.0279977104167,10% off next trip,2.6666666666666665,7,Solo Jetsetters,33.60791172572343,General,-1
328590,383,8,1085.5,0.25,56.0,1968-07-23,1,0,0,0,2,4,2596.25,8.0,3196.694435594776,10% off next trip,4.5,7,Solo Jetsetters,25.36945843770284,General,-1
330764,375,8,1061.125,1.0,40.0,1985-02-06,1,0,0,0,2,0,1094.0,0.0,0.0,10% off next trip,4.5,7,Solo Jetsetters,22.905383317363842,Spontaneous Booker,-1
331039,198,8,610.045213,3.0,45.0,1979-08-02,1,1,1,1,0,0,0.0,0.0,0.0,30% off first travel,8.0,7,Solo Jetsetters,7.4582161600094965,First Timer,-1
350648,295,8,807.18696225,0.0,19.0,2006-03-02,1,0,0,0,0,0,0.0,0.0,0.0,30% off first travel,3.0,7,Solo Jetsetters,10.485058299800187,First Timer,-1
357737,419,8,1101.125,0.4,42.0,1982-10-04,1,1,1,0,4,6,1236.1,6.333333333333333,3872.355316895139,10% off next trip,3.3333333333333335,7,Solo Jetsetters,31.51121419372147,General,-1
359072,318,8,983.723602125,0.25,52.0,1972-12-09,1,1,1,1,2,4,447.0,8.0,385.59839050686776,10% off next trip,1.75,7,Solo Jetsetters,20.57126169433106,General,-1
363535,248,8,851.59355875,0.75,32.0,1993-05-15,1,0,0,0,2,3,355.0,8.5,2098.1909747595387,10% off next trip,2.5,7,Solo Jetsetters,18.352310961472543,General,-1
365825,355,8,1042.75,1.0,46.0,1979-05-10,1,0,0,0,1,2,950.0,6.0,383.04736325462943,10% off next trip,6.0,7,Solo Jetsetters,18.537916880653814,General,-1
374331,338,8,1031.25,1.0,43.0,1981-12-01,0,0,0,0,1,0,6720.0,0.0,0.0,10% off next trip,12.0,7,Solo Jetsetters,26.43576365688344,Luxury Traveler,-1
377069,260,8,956.625,1.0,69.0,1956-03-06,1,1,0,0,0,0,0.0,0.0,0.0,30% off first travel,0.0,7,Solo Jetsetters,11.487472055710528,First Timer,-1
380949,432,8,1115.875,0.16666666666666666,47.0,1978-02-03,1,0,0,0,4,8,1654.0,7.0,2065.6173157979183,10% off next trip,1.8,7,Solo Jetsetters,32.40062297148853,General,-1
386914,294,8,987.375,3.0,47.0,1977-12-08,1,1,1,1,1,2,577.8,7.0,652.4026067759777,free child ticket,2.0,7,Solo Jetsetters,16.75632094595589,Family Traveler,-1
389434,444,8,1127.5,0.5,43.0,1982-05-03,1,0,0,0,4,8,1202.0,5.75,2395.5374740704474,10% off next trip,1.3333333333333333,7,Solo Jetsetters,32.0107764560721,General,-1
411179,366,8,1052.5,0.3333333333333333,52.0,1972-11-19,1,0,0,0,2,2,4483.0,11.0,2518.1404135150206,10% off next trip,5.25,7,Solo Jetsetters,27.53813345914033,Luxury Traveler,-1
416580,320,8,928.167843375,0.25,44.0,1980-08-08,1,0,0,0,4,8,762.0,5.0,1299.725931168057,10% off next trip,2.4,7,Solo Jetsetters,28.015682767754512,General,-1
418692,312,10,804.1,0.25,40.0,1984-10-09,1,0,0,0,2,4,318.0,5.5,1566.6656421928415,10% off next trip,5.0,7,Solo Jetsetters,18.61056873367711,General,-1
420669,508,8,1361.370826,0.6,52.0,1973-02-04,1,1,1,1,2,2,1566.0,9.0,3040.9760479434613,10% off next trip,5.0,7,Solo Jetsetters,28.01143634089368,Luxury Traveler,-1
421666,369,8,1057.25,1.0,31.0,1994-05-02,1,0,1,0,1,2,79.0,10.0,3585.0440426016453,10% off next trip,1.0,7,Solo Jetsetters,17.603036942808753,Planner,-1
427506,324,8,983.7152875,0.75,56.0,1969-06-07,1,1,1,0,2,4,458.2,7.5,468.909569329489,10% off next trip,1.5,7,Solo Jetsetters,20.658546430436882,General,-1
428858,372,8,1060.75,0.3333333333333333,22.0,2003-03-13,1,0,0,0,2,2,4072.0,12.0,4159.160256859018,10% off next trip,8.0,7,Solo Jetsetters,27.103142918667967,Luxury Traveler,-1
429375,268,8,821.08061825,0.5,35.0,1990-04-18,1,0,0,0,2,4,753.0,7.0,1016.3312827117346,10% off next trip,1.5,7,Solo Jetsetters,18.866917800327688,General,-1
430722,326,8,939.86653525,0.5,29.0,1995-11-11,0,0,0,0,2,4,921.4,6.0,1112.9233535051098,10% off next trip,3.25,7,Solo Jetsetters,20.924994356341383,General,-1
431602,359,8,1048.75,0.75,38.0,1987-02-25,1,0,0,0,2,4,588.0,6.0,3753.6454397556354,10% off next trip,1.5,7,Solo Jetsetters,21.877466718833812,General,-1
434623,415,8,1099.625,0.2,35.0,1989-07-20,1,0,0,1,3,6,930.0,6.333333333333333,2338.8833131185634,10% off next trip,1.8,7,Solo Jetsetters,27.26383842128711,General,-1
435882,450,9,1005.3333333333334,0.25,52.0,1972-11-19,1,1,0,0,2,4,1312.0,9.5,1536.9610206370166,10% off next trip,0.75,7,Solo Jetsetters,23.578602269094585,General,-1
437162,408,8,1092.375,1.0,31.0,1993-07-23,1,0,0,0,1,2,253.65,6.0,2721.36851161371,10% off next trip,2.3333333333333335,7,Solo Jetsetters,18.649361907318557,General,-1
438551,361,8,1047.75,5.0,37.0,1987-08-04,1,1,1,0,2,0,451.5,0.0,0.0,free child ticket,7.5,7,Solo Jetsetters,21.69757083936958,Spontaneous Booker,-1
446138,385,8,1071.375,0.0,40.0,1984-10-02,1,1,0,0,2,2,5291.0,8.0,1316.1325625875693,10% off next trip,5.0,7,Solo Jetsetters,29.093168238228845,Luxury Traveler,-1
452034,343,8,1159.75,0.3333333333333333,50.0,1974-07-25,1,0,0,0,1,2,1570.0,9.0,1589.5651848523983,10% off next trip,5.0,7,Solo Jetsetters,20.388227689482555,Luxury Traveler,-1
452532,355,8,1083.375,1.0,34.0,1991-06-05,1,0,0,0,2,4,0.0,7.5,2167.3047973677026,10% off next trip,8.0,7,Solo Jetsetters,21.32205669970523,General,-1
452612,279,8,846.110514375,1.3333333333333333,44.0,1981-05-05,1,1,1,0,1,2,592.0,10.0,1930.8007446282734,10% off next trip,3.3333333333333335,7,Solo Jetsetters,15.256489522899766,Planner,-1
458479,685,8,2137.625,0.6,46.0,1978-12-08,1,0,0,0,2,2,2612.0,6.0,2445.1325381072083,10% off next trip,2.0,7,Solo Jetsetters,38.97820269176178,General,-1
464614,392,8,1138.875,0.6666666666666666,39.0,1986-05-14,1,0,0,1,3,6,862.0,6.0,2334.100778947535,10% off next trip,4.0,7,Solo Jetsetters,27.26600236353751,General,-1
464855,234,8,1002.0,1.0,29.0,1995-07-18,1,0,1,1,1,2,1056.0,6.0,3754.551064141124,10% off next trip,10.0,7,Solo Jetsetters,16.861288645421766,General,-1
465731,370,8,1057.75,0.0,57.0,1968-01-13,1,0,0,0,2,4,2052.0,6.0,3062.27610661422,10% off next trip,2.75,7,Solo Jetsetters,24.17683210998559,General,-1
467092,281,8,976.5,0.0,19.0,2006-04-07,1,0,1,0,0,0,0.0,0.0,0.0,30% off first travel,10.0,7,Solo Jetsetters,11.926207292223081,First Timer,-1
468409,309,8,1002.875,0.6,50.0,1974-08-10,1,1,0,0,4,8,2250.0,6.0,1212.1412702794566,10% off next trip,3.0,7,Solo Jetsetters,30.711252638751397,General,-1
469440,260,8,753.674809375,0.3333333333333333,45.0,1979-10-20,1,1,1,0,3,6,531.0,9.0,1986.2397415550342,10% off next trip,3.25,7,Solo Jetsetters,21.565729690444698,General,-1
473402,226,8,862.673037625,1.25,43.0,1982-01-10,1,1,0,0,2,4,848.0,7.5,3794.254176121394,10% off next trip,8.5,7,Solo Jetsetters,18.897048070306933,General,-1
474120,429,8,1111.5,0.6,44.0,1980-11-17,0,0,1,1,3,6,4032.0,8.666666666666666,2876.582091628263,10% off next trip,3.2,7,Solo Jetsetters,31.956730910611757,General,-1
478146,325,8,1016.875,1.3333333333333333,50.0,1975-01-16,1,1,0,0,2,2,357.0,5.0,2041.329418315256,10% off next trip,3.5,7,Solo Jetsetters,20.841354350567066,General,-1
478760,474,8,1166.0135055,1.0,22.0,2003-03-22,1,0,0,0,1,0,260.0,0.0,0.0,10% off next trip,1.0,7,Solo Jetsetters,20.143390372384353,Spontaneous Booker,-1
479524,251,9,870.5555555555555,1.0,34.0,1991-04-04,1,0,0,0,0,0,0.0,0.0,0.0,30% off first travel,8.0,7,Solo Jetsetters,10.563004068820439,First Timer,-1
480313,395,8,1080.625,0.75,49.0,1976-06-21,1,1,0,0,2,4,97.0,7.0,1055.2935313275448,10% off next trip,1.25,7,Solo Jetsetters,21.910142399058337,General,-1
480895,400,8,1086.125,0.25,43.0,1982-04-07,1,0,0,0,2,4,1470.0,8.0,2775.5585004664854,10% off next trip,3.25,7,Solo Jetsetters,23.975369964433728,General,-1
482811,297,8,989.5,1.0,68.0,1956-08-07,0,0,0,0,0,0,0.0,0.0,0.0,30% off first travel,0.0,7,Solo Jetsetters,12.240132945575406,First Timer,-1
485393,276,8,970.875,0.0,27.0,1997-09-24,1,0,0,0,0,0,0.0,0.0,0.0,30% off first travel,15.0,7,Solo Jetsetters,11.81326784972402,First Timer,-1
485658,580,8,1251.875,1.0,33.0,1992-03-03,1,0,0,0,2,4,135.0,7.0,1957.870008153292,10% off next trip,1.0,7,Solo Jetsetters,25.792798212116608,General,-1
485891,316,8,754.053159375,0.0,34.0,1991-01-12,1,0,1,0,1,2,176.4,5.0,1250.5659111719349,10% off next trip,8.333333333333334,7,Solo Jetsetters,14.231471888956177,General,-1
486751,407,10,873.9,0.8,50.0,1974-09-04,1,1,0,0,3,6,1325.6,7.333333333333333,2697.7799505230673,10% off next trip,3.0,7,Solo Jetsetters,25.587941573943805,General,-1
487453,506,8,1184.5,0.5714285714285714,43.0,1981-11-28,1,0,0,0,5,9,3992.5,8.0,1762.6569621846108,10% off next trip,4.666666666666667,7,Solo Jetsetters,41.01041403376294,General,-1
487715,373,8,1058.640415125,0.16666666666666666,50.0,1974-12-05,1,1,0,0,4,8,718.3,6.5,2982.219270979961,10% off next trip,1.0,7,Solo Jetsetters,29.823441943372163,General,-1
488314,401,8,1086.5,0.6,58.0,1967-02-17,1,1,0,0,3,6,543.5,6.0,2948.535279231715,10% off next trip,1.4,7,Solo Jetsetters,26.422631315239553,General,-1
488430,247,8,943.5,0.0,18.0,2006-12-01,1,0,0,0,0,0,0.0,0.0,0.0,30% off first travel,0.0,7,Solo Jetsetters,11.208073674006371,First Timer,-1
488870,447,9,1004.7777777777778,1.0,59.0,1966-02-23,1,1,1,0,2,4,2210.0,6.0,3702.782799609867,10% off next trip,11.25,7,Solo Jetsetters,24.815267626032863,Luxury Traveler,-1
489949,301,8,994.0,0.0,49.0,1976-04-04,1,0,1,0,2,4,1209.0,8.0,4263.273431802932,10% off next trip,4.5,7,Solo Jetsetters,21.55062393188596,General,-1
491995,414,8,1099.125,0.0,18.0,2006-08-05,0,0,0,0,0,0,0.0,0.0,0.0,30% off first travel,4.0,7,Solo Jetsetters,14.674001424416883,First Timer,-1
492497,363,8,1053.5,1.0,42.0,1983-03-14,1,1,0,0,0,0,0.0,0.0,0.0,30% off first travel,0.0,7,Solo Jetsetters,13.633598433141437,First Timer,-1
495029,250,9,694.7170451111111,0.75,45.0,1979-08-20,1,1,0,0,3,4,971.6,7.5,697.9833905803391,10% off next trip,3.0,7,Solo Jetsetters,21.513688796886044,General,-1
496408,431,10,892.7,0.5,45.0,1980-01-05,1,0,0,0,4,7,802.0,5.25,2048.9053163750527,10% off next trip,2.4,7,Solo Jetsetters,29.05721585480651,General,-1
497077,558,8,2002.88473325,0.25,44.0,1981-05-17,1,0,0,0,2,4,1337.0,5.5,2633.36273731805,10% off next trip,11.5,7,Solo Jetsetters,34.37274636898203,General,-1
498500,327,8,1017.125,0.3333333333333333,51.0,1974-02-02,1,1,1,0,3,4,1261.4,7.0,2143.834086923139,10% off next trip,3.0,7,Solo Jetsetters,25.904298946828376,General,-1
499990,355,8,995.9868765,0.75,38.0,1986-12-14,1,0,0,0,2,4,1284.0,8.0,4118.36037915263,10% off next trip,2.6666666666666665,7,Solo Jetsetters,22.31905707907634,General,-1
501436,366,8,1054.375,1.2,32.0,1993-02-24,1,1,0,0,3,6,233.0,6.0,881.9703459128299,10% off next trip,7.5,7,Solo Jetsetters,25.259129251337175,General,-1
501708,273,8,968.375,1.0,25.0,1999-11-12,1,0,0,1,0,0,0.0,0.0,0.0,30% off first travel,0.0,7,Solo Jetsetters,11.753813282687402,First Timer,-1
501947,404,10,871.4,0.4,53.0,1971-11-02,1,1,1,1,4,6,3811.0,5.666666666666667,1974.3163775113446,10% off next trip,1.0,7,Solo Jetsetters,32.814661155018456,General,-1
502210,333,8,1052.875,0.5,44.0,1981-01-08,1,1,0,1,3,4,1532.0,8.5,1915.7346122912072,10% off next trip,2.4,7,Solo Jetsetters,26.700217453807706,General,-1
503342,309,8,774.082834625,0.25,44.0,1981-03-01,1,1,0,0,2,4,1734.0,7.0,1363.9898840107835,10% off next trip,2.75,7,Solo Jetsetters,20.304462688236,General,-1
504916,247,8,1017.125,0.0,37.0,1988-03-05,0,0,1,0,0,0,0.0,0.0,0.0,30% off first travel,2.0,7,Solo Jetsetters,11.907224958949097,First Timer,-1
505172,322,8,1013.625,2.3333333333333335,32.0,1993-01-05,0,1,1,0,1,2,0.0,6.0,3003.1561436624406,free child ticket,13.333333333333334,7,Solo Jetsetters,16.516845707954975,Family Traveler,-1
507395,492,9,1044.2222222222222,1.25,47.0,1977-10-19,1,1,1,0,2,4,1505.0,5.5,1756.6153283643634,10% off next trip,2.25,7,Solo Jetsetters,24.722491820656288,General,-1
507732,263,8,673.969194375,0.5,46.0,1978-07-10,0,0,0,0,4,4,2478.0,9.0,1595.948948975177,10% off next trip,3.5,7,Solo Jetsetters,27.36470059008259,General,-1
507805,289,8,1032.055466125,1.0,44.0,1981-01-10,1,1,1,0,4,8,7067.4,8.5,2683.7189497770205,10% off next trip,9.5,7,Solo Jetsetters,37.60435243629709,Luxury Traveler,-1
508111,321,8,1012.0,0.0,41.0,1984-03-24,1,1,1,0,0,0,0.0,0.0,0.0,30% off first travel,5.0,7,Solo Jetsetters,12.739509763190696,First Timer,-1
508625,378,8,1078.125,1.0,44.0,1980-09-21,1,0,0,0,3,4,4154.0,4.5,1845.4817283385166,10% off next trip,4.75,7,Solo Jetsetters,31.206234297602332,General,-1
508829,312,8,1005.0,0.25,18.0,2006-11-18,1,0,0,0,3,4,2554.0,8.5,2873.159768210758,discount at special events,5.0,7,Solo Jetsetters,27.449670884369343,Luxury Traveler,-1
508856,280,8,975.375,1.0,22.0,2002-09-20,0,0,1,0,0,0,0.0,0.0,0.0,30% off first travel,0.0,7,Solo Jetsetters,11.903619403723269,First Timer,-1
508912,271,8,856.000905375,0.5,45.0,1980-06-13,0,0,0,0,2,3,0.0,7.5,2497.131177183953,10% off next trip,1.3333333333333333,7,Solo Jetsetters,18.16288671098186,General,-1
508923,277,8,972.0,2.0,49.0,1976-06-12,1,1,1,0,3,4,949.0,8.0,1781.351530913677,10% off next trip,2.0,7,Solo Jetsetters,24.436072711973562,General,-1
509278,306,8,998.0,1.6666666666666667,51.0,1973-10-20,1,1,0,1,2,2,2940.0,9.0,3320.023615511078,10% off next trip,5.0,7,Solo Jetsetters,24.1109620983335,Luxury Traveler,-1
509421,268,9,820.4553276666667,0.25,55.0,1969-11-28,1,0,1,0,3,4,1119.1,7.5,1223.7899472113404,10% off next trip,3.3333333333333335,7,Solo Jetsetters,23.131859247813498,General,-1
509645,275,8,675.85203475,0.2,55.0,1970-06-10,0,1,0,0,3,6,1508.4,7.0,1581.8469912010012,10% off next trip,3.4,7,Solo Jetsetters,22.39591118231745,General,-1
510078,416,10,880.3,0.5,38.0,1987-05-16,1,1,0,0,2,4,1028.0,10.0,843.8893585490882,10% off next trip,1.5,7,Solo Jetsetters,21.58244061408752,Planner,-1
510188,614,11,1459.5454545454545,0.8,36.0,1988-10-04,1,0,0,0,4,6,942.0,6.666666666666667,2294.103576621484,10% off next trip,6.857142857142857,7,Solo Jetsetters,36.81780452240455,General,-1
510694,492,9,1041.111111111111,0.4,46.0,1978-09-03,0,0,0,0,3,6,673.6,7.333333333333333,3327.8691577499353,10% off next trip,1.6,7,Solo Jetsetters,27.2600501592702,General,-1
510700,432,9,991.2222222222222,0.75,52.0,1973-01-09,0,0,0,0,3,4,6034.0,10.5,516.8447953505713,10% off next trip,3.0,7,Solo Jetsetters,33.698676814742306,Planner,-1
510841,396,10,805.2272077,0.4444444444444444,38.0,1986-09-19,0,0,0,1,7,14,2453.6,7.714285714285714,1985.4300296172062,free meal,1.8888888888888888,7,Solo Jetsetters,41.40975898831705,General,-1
511223,430,10,891.1,0.8,46.0,1978-12-13,1,1,1,1,3,6,474.8,5.0,1551.8664116214459,10% off next trip,8.0,7,Solo Jetsetters,24.814584126542588,General,-1
511331,272,9,922.8888888888889,0.5,48.0,1976-08-16,1,0,1,1,6,12,1619.45,6.333333333333333,1834.3180875408316,free meal,0.8,7,Solo Jetsetters,36.11408623546617,General,-1
511665,372,8,1060.0,1.0,47.0,1977-08-17,0,0,1,0,1,2,908.0,5.0,2769.023502209093,10% off next trip,3.3333333333333335,7,Solo Jetsetters,18.844349069314305,General,-1
511677,363,8,1100.5,0.4,54.0,1971-06-02,1,0,0,0,3,6,2729.5,5.333333333333333,1762.6988648751233,10% off next trip,2.6,7,Solo Jetsetters,29.213390147554406,General,-1
511784,196,9,611.9451931111112,2.0,37.0,1988-07-09,1,0,0,0,0,0,0.0,0.0,0.0,30% off first travel,10.0,7,Solo Jetsetters,7.452449061137821,First Timer,-1
511827,274,8,969.0,1.0,76.0,1948-09-20,0,1,0,0,1,0,2360.0,0.0,0.0,meal voucher,8.0,7,Solo Jetsetters,18.879410815712387,Luxury Traveler,-1
511977,296,8,989.25,0.3333333333333333,44.0,1981-06-23,1,1,0,0,1,2,300.0,5.0,1673.066962257089,10% off next trip,1.0,7,Solo Jetsetters,16.40268776157099,General,-1
512147,371,9,943.5555555555555,1.0,46.0,1979-04-24,0,0,0,1,2,0,1547.0,0.0,0.0,10% off next trip,4.0,7,Solo Jetsetters,22.385830340445356,Spontaneous Booker,-1
512558,364,8,688.85333,0.4,57.0,1968-04-23,0,1,0,0,3,4,1641.0,5.666666666666667,2467.7626291308147,10% off next trip,0.8,7,Solo Jetsetters,23.76755720842355,General,-1
512928,374,8,1061.5,1.0,19.0,2006-01-22,1,0,0,0,0,0,0.0,0.0,0.0,30% off first travel,15.0,7,Solo Jetsetters,13.840519714325284,First Timer,-1
513543,366,8,1054.625,0.0,33.0,1991-09-07,1,0,1,0,1,0,300.0,0.0,0.0,10% off next trip,2.3333333333333335,7,Solo Jetsetters,17.856829451483353,Spontaneous Booker,-1
513625,198,8,912.5975595,1.0,29.0,1995-09-25,1,0,1,0,1,2,880.0,4.0,1649.8984356914875,10% off next trip,1.0,7,Solo Jetsetters,15.33333253262861,General,-1
513787,346,8,1103.375,0.6666666666666666,44.0,1981-05-28,0,1,0,0,4,7,1087.6,6.5,1822.3602215880906,10% off next trip,2.6,7,Solo Jetsetters,30.452250192877823,General,-1
513807,331,8,1022.375,2.75,45.0,1979-08-18,1,1,1,0,2,3,716.0,7.0,1835.6348157153118,free child ticket,1.5,7,Solo Jetsetters,21.4757890894571,Family Traveler,-1
513869,272,8,967.125,1.0,42.0,1983-06-07,1,0,1,0,1,0,665.0,0.0,0.0,10% off next trip,6.333333333333333,7,Solo Jetsetters,16.426186206827026,Spontaneous Booker,-1
513875,314,8,1005.875,0.75,35.0,1989-07-20,1,1,1,0,3,4,2428.0,8.0,2636.12796508807,10% off next trip,3.6666666666666665,7,Solo Jetsetters,27.302519392108003,General,-1
514167,484,8,1165.0,0.25,52.0,1972-07-17,1,0,0,0,2,4,230.0,10.5,2498.752818392911,10% off next trip,1.25,7,Solo Jetsetters,23.960130268552017,Planner,-1
514300,622,8,1290.875,0.5,41.0,1983-11-08,0,0,0,0,2,4,100.0,6.0,2357.6005516223377,10% off next trip,1.0,7,Solo Jetsetters,26.613349346707878,General,-1
514627,410,8,1094.125,0.4,46.0,1978-08-03,1,0,0,1,3,5,2118.0,9.333333333333334,1563.9350869946763,10% off next trip,0.5,7,Solo Jetsetters,28.84234707274319,General,-1
514925,284,8,995.125,1.0,18.0,2006-12-27,1,0,0,1,1,0,1288.0,0.0,0.0,discount at special events,9.666666666666666,7,Solo Jetsetters,17.721325622355305,Spontaneous Booker,-1
515085,197,9,550.6540051111111,5.0,62.0,1963-05-14,1,1,1,0,1,0,1737.0,0.0,0.0,meal voucher,12.333333333333334,7,Solo Jetsetters,13.103692383691213,Luxury Traveler,-1
515124,416,8,1147.75,0.4,52.0,1973-07-05,1,0,0,0,3,6,690.0,7.666666666666667,2405.185500048134,10% off next trip,0.8,7,Solo Jetsetters,27.391276713820734,General,-1
515205,333,8,1021.375,2.0,72.0,1952-10-15,1,1,0,0,0,0,0.0,0.0,0.0,30% off first travel,5.0,7,Solo Jetsetters,12.97139296100659,First Timer,-1
515610,290,8,985.0,1.25,34.0,1991-01-10,0,1,1,1,2,4,264.0,4.0,3138.681459309162,10% off next trip,3.0,7,Solo Jetsetters,19.989680679170544,General,-1
515675,410,9,973.7777777777778,0.0,32.0,1993-01-15,1,0,0,0,2,2,792.4,6.0,3753.6454397556354,10% off next trip,1.75,7,Solo Jetsetters,22.063480880787107,General,-1
516057,456,8,1137.375,0.8,39.0,1985-10-14,1,0,0,0,3,6,1711.1,8.333333333333334,2191.185348941518,10% off next trip,3.25,7,Solo Jetsetters,29.221744339589755,General,-1
516132,279,9,866.1111111111111,0.5,50.0,1975-02-07,1,0,1,0,2,4,258.0,9.5,1357.6543273662967,10% off next trip,2.0,7,Solo Jetsetters,18.721209358768753,General,-1
516283,299,9,881.5555555555555,5.666666666666667,25.0,1999-10-13,0,1,1,0,1,2,0.0,7.0,1620.3420735312682,free child ticket,9.333333333333334,7,Solo Jetsetters,14.98888987806728,Family Traveler,-1
516301,229,8,908.721101875,0.8333333333333334,28.0,1996-12-01,1,0,0,0,4,8,1019.0,8.0,2793.4679452256023,10% off next trip,1.75,7,Solo Jetsetters,27.113335111317344,General,-1
516368,288,8,981.125,3.0,48.0,1976-12-26,1,1,1,0,0,0,0.0,0.0,0.0,30% off first travel,0.0,7,Solo Jetsetters,12.053460146002731,First Timer,-1
517131,239,8,995.125,1.0,69.0,1955-11-02,1,1,0,0,2,0,1050.0,0.0,0.0,meal voucher,6.75,7,Solo Jetsetters,20.596990009188502,Spontaneous Booker,-1
517392,416,9,979.2222222222222,0.5,48.0,1977-06-26,1,1,0,0,4,8,784.0,7.25,2627.293724779946,10% off next trip,2.0,7,Solo Jetsetters,29.674659168348732,General,-1
517961,283,8,991.375,1.5,63.0,1962-06-08,1,1,1,1,2,4,321.0,6.5,3675.523570801859,meal voucher,5.0,7,Solo Jetsetters,20.047983448355353,General,-1
518135,380,8,1067.25,0.0,36.0,1988-09-21,1,0,0,0,2,2,410.0,6.0,2408.2609906561474,10% off next trip,2.5,7,Solo Jetsetters,22.049890194373088,General,-1
518191,391,9,972.5555555555555,0.75,47.0,1977-11-11,1,1,0,0,2,4,370.0,7.5,604.6675994758893,10% off next trip,0.6666666666666666,7,Solo Jetsetters,21.22470232754517,General,-1
518756,259,8,611.4627295,0.25,53.0,1972-01-01,1,0,0,0,2,4,955.0,5.0,3420.453493383287,10% off next trip,1.75,7,Solo Jetsetters,17.056621178265978,General,-1
518896,307,8,998.875,0.75,58.0,1967-02-03,1,1,0,0,3,4,7129.0,7.0,1771.810972218833,10% off next trip,13.2,7,Solo Jetsetters,33.84119587760269,Luxury Traveler,-1
519469,397,8,1084.125,0.3333333333333333,36.0,1989-02-12,0,0,0,0,2,2,1078.65,6.0,1187.193473439672,10% off next trip,2.25,7,Solo Jetsetters,23.363859014592073,General,-1
519718,298,8,752.566226,0.25,53.0,1971-12-22,1,1,1,0,3,4,1953.0,6.5,1165.4282541053005,10% off next trip,2.4,7,Solo Jetsetters,24.030774702943383,General,-1
519747,297,8,867.656723875,0.42857142857142855,46.0,1978-12-10,0,1,0,0,5,9,3483.7,7.6,1712.0639105343732,10% off next trip,2.4285714285714284,7,Solo Jetsetters,34.78962959571751,General,-1
519787,305,9,887.4444444444445,1.0,19.0,2006-06-22,1,0,1,1,1,0,1792.0,0.0,0.0,free child ticket,7.0,7,Solo Jetsetters,17.66585940775641,Luxury Traveler,-1
519982,310,8,1001.625,1.0,22.0,2002-09-08,1,0,1,0,0,0,0.0,0.0,0.0,30% off first travel,0.0,7,Solo Jetsetters,12.510035214750632,First Timer,-1
520397,391,9,955.4444444444445,0.6,45.0,1980-01-01,1,1,0,0,3,6,644.0,5.666666666666667,2601.844024598105,10% off next trip,1.5,7,Solo Jetsetters,25.202054651115397,General,-1
520429,284,8,977.625,2.0,52.0,1972-09-04,0,1,1,0,2,3,1174.0,9.0,3437.9268333108716,10% off next trip,3.0,7,Solo Jetsetters,21.14294688280659,General,-1
520696,362,8,1048.25,0.0,42.0,1982-08-04,1,0,0,0,1,2,122.0,4.0,2030.6749508461157,10% off next trip,1.3333333333333333,7,Solo Jetsetters,17.495418080246356,General,-1
520861,262,9,919.1276355555556,1.0,52.0,1972-09-27,0,0,1,0,2,4,1824.6,7.0,2180.282676316143,10% off next trip,4.5,7,Solo Jetsetters,21.251204379107342,General,-1
520885,347,8,1035.75,1.5,37.0,1987-09-08,0,1,1,0,4,7,6277.0,5.75,1468.9591315375237,10% off next trip,3.0,7,Solo Jetsetters,37.20534806216506,General,-1
521065,292,8,986.0,1.6,45.0,1979-11-14,1,1,1,0,3,6,331.25,7.0,2852.260330433317,10% off next trip,1.0,7,Solo Jetsetters,23.868668182194636,General,-1
521212,341,8,1041.110502875,1.3333333333333333,43.0,1982-06-10,0,1,1,0,3,6,3120.1,6.666666666666667,1274.5422579784126,10% off next trip,5.8,7,Solo Jetsetters,28.943253392968305,Luxury Traveler,-1
521491,367,8,1054.75,0.6,36.0,1989-02-07,1,0,0,0,4,6,4708.5,6.0,1845.060243797517,10% off next trip,4.333333333333333,7,Solo Jetsetters,35.39224106810302,General,-1
522115,359,8,1097.0,0.6,40.0,1984-10-14,0,0,1,0,3,5,2859.3,5.666666666666667,1119.9239625807174,10% off next trip,3.0,7,Solo Jetsetters,29.317211379627523,General,-1
522233,339,8,1081.125,0.6,42.0,1983-05-21,0,0,0,0,4,6,2851.8,7.0,1975.9762822341074,10% off next trip,4.166666666666667,7,Solo Jetsetters,32.66769451498466,General,-1
522761,521,8,1197.75,0.75,41.0,1983-10-13,0,0,0,0,2,4,1120.0,7.0,1901.5629404974761,10% off next trip,1.5,7,Solo Jetsetters,25.977877175580772,General,-1
523715,270,8,964.875,3.0,44.0,1980-10-07,1,1,1,0,2,2,1026.0,8.0,759.7400547169242,free child ticket,4.0,7,Solo Jetsetters,20.64463353575328,Family Traveler,-1
523768,374,8,1110.375,0.0,57.0,1967-08-16,1,1,0,1,2,2,603.0,3.0,1149.974964567278,10% off next trip,3.5,7,Solo Jetsetters,22.662577762302398,General,-1
524194,316,8,1008.0,0.6666666666666666,36.0,1988-12-17,1,0,0,0,1,2,110.0,5.0,1970.6474458945272,10% off next trip,7.0,7,Solo Jetsetters,16.548507159096427,General,-1
524448,477,8,1156.25,0.6666666666666666,52.0,1972-09-23,1,1,1,1,1,2,0.0,5.0,3739.589951281529,10% off next trip,1.0,7,Solo Jetsetters,19.71646685263221,General,-1
524821,289,8,984.375,2.0,29.0,1996-06-03,1,1,1,0,1,2,0.0,6.0,419.30859605037057,10% off next trip,11.0,7,Solo Jetsetters,15.846227273626528,General,-1
524980,272,8,682.88205125,0.75,50.0,1974-09-05,1,1,0,0,2,4,214.0,8.5,1906.8651445882058,10% off next trip,3.0,7,Solo Jetsetters,16.83530999220551,General,-1
525022,339,8,1030.25,1.0,49.0,1975-08-08,1,1,0,0,2,2,594.0,8.0,1098.2923145571788,10% off next trip,1.5,7,Solo Jetsetters,21.472230071073955,General,-1
525234,298,8,990.75,0.5,55.0,1969-08-03,1,0,0,0,3,4,3337.35,6.0,2519.2317804084955,10% off next trip,5.8,7,Solo Jetsetters,28.262218298450787,Luxury Traveler,-1
525332,349,8,726.311615375,0.5,32.0,1993-07-09,1,0,0,1,4,8,5061.0,6.0,1179.4739284363973,10% off next trip,4.166666666666667,7,Solo Jetsetters,32.56059698168545,General,-1
525488,330,10,816.4,0.0,29.0,1995-11-04,1,0,1,0,1,2,928.0,8.0,4168.696742611619,10% off next trip,4.0,7,Solo Jetsetters,16.059551631001618,General,-1
525631,282,8,976.875,1.0,46.0,1978-09-02,0,0,0,0,2,2,1314.0,8.0,3838.5844409127685,10% off next trip,6.0,7,Solo Jetsetters,21.3112042907489,General,-1
525844,479,8,1157.625,0.6,36.0,1988-08-13,0,0,0,0,3,5,1023.0,6.333333333333333,1711.4214852571258,10% off next trip,2.6,7,Solo Jetsetters,28.708836127740117,General,-1
526203,388,9,383.4486988888889,1.2,34.0,1990-11-19,1,1,1,0,3,6,2147.0,8.666666666666666,1176.4782216864946,10% off next trip,5.75,7,Solo Jetsetters,21.873040765757594,Luxury Traveler,-1
526308,400,8,1086.375,0.5,45.0,1979-08-10,1,1,0,1,4,8,1339.0,7.75,1513.6030290576446,10% off next trip,5.8,7,Solo Jetsetters,31.2913599845984,General,-1
526676,290,8,984.25,0.25,38.0,1986-09-23,1,0,1,1,2,3,375.85,5.5,2487.3728470097994,10% off next trip,2.5,7,Solo Jetsetters,20.14169639088966,General,-1
526727,285,9,870.7777777777778,3.0,64.0,1960-09-21,1,1,1,0,1,2,498.0,9.0,1295.8421106595108,meal voucher,2.0,7,Solo Jetsetters,15.42842000682508,Family Traveler,-1
526837,323,8,1013.125,1.25,48.0,1976-11-24,1,1,0,0,2,4,911.0,9.0,6594.343911831105,10% off next trip,11.5,7,Solo Jetsetters,21.570153797247542,General,-1
527133,461,9,1013.1111111111111,1.0,49.0,1976-01-25,1,0,0,0,4,6,1104.4,6.333333333333333,2039.9255945240548,10% off next trip,3.1666666666666665,7,Solo Jetsetters,30.988044447675232,General,-1
527401,346,8,1089.625,0.8333333333333334,38.0,1986-11-10,1,0,0,0,4,8,1999.0,6.25,3182.02601419087,10% off next trip,1.6666666666666667,7,Solo Jetsetters,31.618399140731974,General,-1
527455,292,8,984.25,1.0,29.0,1996-03-02,1,1,0,1,1,2,448.2,5.0,1970.6755074278524,10% off next trip,6.0,7,Solo Jetsetters,16.518443952687374,General,-1
527782,306,8,833.582515875,0.25,42.0,1982-10-09,1,0,1,0,3,4,1403.0,5.5,2963.322489942319,10% off next trip,3.0,7,Solo Jetsetters,24.112824325784775,General,-1
528500,318,8,1009.0,1.0,41.0,1983-08-17,1,0,0,0,0,0,0.0,0.0,0.0,30% off first travel,0.0,7,Solo Jetsetters,12.675307139889608,First Timer,-1
528839,366,8,1055.125,0.6666666666666666,34.0,1991-05-26,1,0,0,0,1,2,0.0,12.0,297.5759893421695,10% off next trip,4.0,7,Solo Jetsetters,17.434743901715237,Planner,-1
528953,388,8,1074.0,0.0,53.0,1971-10-16,1,1,0,1,3,4,8521.7,7.0,1779.6109173208597,10% off next trip,7.4,7,Solo Jetsetters,37.50038092269646,Luxury Traveler,-1
529205,454,8,1172.75,0.6666666666666666,40.0,1985-05-04,1,0,0,0,4,8,1452.0,7.25,1867.5098781468291,10% off next trip,1.1666666666666667,7,Solo Jetsetters,32.91521783874778,General,-1
529362,339,9,914.3333333333334,0.0,39.0,1986-06-12,1,0,0,0,4,8,739.0,5.25,1880.9588103650567,10% off next trip,1.5,7,Solo Jetsetters,28.077775270010836,General,-1
529602,371,8,1060.125,3.0,46.0,1979-02-14,0,1,1,0,2,4,2667.0,9.5,2477.7137314884044,free child ticket,6.5,7,Solo Jetsetters,25.086299031513366,Luxury Traveler,-1
529704,323,9,901.7777777777778,0.0,68.0,1956-10-19,1,1,0,0,1,0,1530.0,0.0,0.0,meal voucher,6.0,7,Solo Jetsetters,17.64348805235505,Luxury Traveler,-1
530196,279,8,973.75,1.0,18.0,2006-09-03,1,0,0,0,2,0,3176.0,0.0,0.0,discount at special events,8.25,7,Solo Jetsetters,23.895028568157255,Luxury Traveler,-1
530199,334,8,1069.25,1.0,46.0,1978-07-19,1,1,0,0,2,1,3078.0,6.0,428.96570926756175,10% off next trip,6.25,7,Solo Jetsetters,25.317236908128326,Luxury Traveler,-1
530667,441,9,997.8888888888889,0.75,40.0,1985-01-12,1,1,1,0,4,4,4030.0,8.5,2868.919491048292,10% off next trip,4.8,7,Solo Jetsetters,34.76787860044708,General,-1
531339,281,9,867.5555555555555,1.0,44.0,1981-03-13,1,1,0,0,1,2,0.0,9.0,2153.397867150609,10% off next trip,0.0,7,Solo Jetsetters,14.641658588376497,General,-1
531654,308,8,999.5,0.5,48.0,1977-01-16,1,0,0,0,2,4,948.0,7.0,7070.82682652181,10% off next trip,8.666666666666666,7,Solo Jetsetters,21.31484064688008,General,-1
532064,268,8,964.5,0.0,26.0,1998-08-15,1,0,1,0,0,0,0.0,0.0,0.0,30% off first travel,11.0,7,Solo Jetsetters,11.657492037113974,First Timer,-1
532381,272,9,676.0719873333334,1.0,53.0,1972-06-15,1,0,0,0,3,6,583.0,7.666666666666667,1549.5701731689933,10% off next trip,3.4,7,Solo Jetsetters,21.04564619434369,General,-1
532410,179,8,791.604809875,0.6666666666666666,29.0,1996-04-19,1,0,0,0,3,2,2867.9,6.0,1890.882430298926,10% off next trip,7.333333333333333,7,Solo Jetsetters,24.286523042254622,Luxury Traveler,-1
532544,286,8,979.875,0.0,26.0,1998-08-12,1,0,0,0,0,0,0.0,0.0,0.0,30% off first travel,11.0,7,Solo Jetsetters,12.017780481532041,First Timer,-1
532941,317,8,1009.75,0.75,31.0,1993-09-21,1,0,0,1,3,4,2248.0,5.5,1942.587742819128,10% off next trip,4.666666666666667,7,Solo Jetsetters,27.118930950252356,General,-1
533755,317,8,1008.125,1.0,22.0,2003-04-02,1,0,0,1,0,0,0.0,0.0,0.0,30% off first travel,13.0,7,Solo Jetsetters,12.655093279522031,First Timer,-1
533932,313,8,1004.5,2.3333333333333335,35.0,1990-01-10,1,1,1,0,2,2,1053.2,4.0,2015.516559988032,free child ticket,5.0,7,Solo Jetsetters,21.571521336897316,Family Traveler,-1
534445,330,8,1000.208514375,0.0,45.0,1980-02-28,1,1,0,0,2,4,0.0,6.0,3485.649567619622,10% off next trip,0.6666666666666666,7,Solo Jetsetters,20.234679345955254,General,-1
534858,413,8,1096.125,0.6,55.0,1970-03-10,1,1,1,0,3,6,2482.0,7.0,1627.221733005527,10% off next trip,2.4,7,Solo Jetsetters,29.41494502550154,General,-1
535024,419,8,1102.375,1.0,38.0,1987-04-07,1,0,0,0,2,4,717.0,10.5,2642.5283172253476,10% off next trip,2.25,7,Solo Jetsetters,23.284519918077596,Planner,-1
535905,293,8,1044.25,1.0,34.0,1990-12-23,1,0,0,0,1,2,1065.0,6.0,2919.2710157714046,10% off next trip,4.333333333333333,7,Solo Jetsetters,17.97768536033113,General,-1
536000,356,8,1075.75,0.6,32.0,1992-12-07,0,0,0,1,3,6,700.0,6.0,2716.4339741943863,10% off next trip,1.3333333333333333,7,Solo Jetsetters,26.007498684319565,General,-1
536039,310,8,1003.125,0.6,37.0,1987-11-07,1,0,1,0,5,6,10686.0,6.333333333333333,2305.377324348982,10% off next trip,7.8,7,Solo Jetsetters,46.47809243042459,Luxury Traveler,-1
536212,372,8,1062.125,1.0,28.0,1997-04-16,0,0,0,0,0,0,0.0,0.0,0.0,30% off first travel,12.0,7,Solo Jetsetters,13.822645260846341,First Timer,-1
536474,576,9,1761.6666666666667,0.4,39.0,1986-04-09,1,0,0,0,1,2,810.0,12.0,2380.7684778154585,10% off next trip,1.6666666666666667,7,Solo Jetsetters,27.79659381105008,Planner,-1
537676,383,8,1137.25,0.6666666666666666,49.0,1975-07-11,1,1,0,0,4,6,2326.0,9.333333333333334,1889.027346303573,10% off next trip,5.4,7,Solo Jetsetters,32.97637632097414,Luxury Traveler,-1
538069,500,8,1269.5,0.3333333333333333,51.0,1974-05-09,1,0,1,0,2,4,2842.0,7.0,2747.8461515077124,10% off next trip,2.5,7,Solo Jetsetters,28.859248148158766,General,-1
538147,428,8,1124.25,0.6,52.0,1973-01-22,1,1,1,0,3,6,2481.0,5.666666666666667,2548.2273553812565,10% off next trip,4.75,7,Solo Jetsetters,29.859171840262448,General,-1
538350,310,8,1071.0,0.0,37.0,1988-01-01,1,0,1,0,1,2,528.0,5.0,764.6735109824787,10% off next trip,3.0,7,Solo Jetsetters,17.67005516806273,General,-1
538413,306,9,789.8956136666667,0.0,60.0,1965-03-02,1,1,1,0,0,0,0.0,0.0,0.0,30% off first travel,1.0,7,Solo Jetsetters,10.45181008882822,First Timer,-1
538641,380,9,1038.7890184444445,0.4,38.0,1987-05-21,0,1,0,1,1,2,618.0,8.0,3259.7441419998404,10% off next trip,2.4,7,Solo Jetsetters,18.325559477686888,General,-1
538666,439,8,1122.125,0.25,34.0,1991-01-13,0,1,0,0,2,3,109.0,6.5,576.1819985601524,10% off next trip,1.0,7,Solo Jetsetters,22.845113937059903,General,-1
539919,379,8,1066.5,0.0,82.0,1943-07-09,1,1,0,1,2,0,2262.0,0.0,0.0,meal voucher,4.5,7,Solo Jetsetters,24.665849475979424,Spontaneous Booker,-1
540614,257,8,699.411813,0.6,33.0,1992-07-05,1,0,0,0,3,6,1245.2,5.666666666666667,3470.1056063315023,10% off next trip,2.4,7,Solo Jetsetters,22.030876423091208,General,-1
540819,385,9,952.7777777777778,0.4,44.0,1981-05-10,0,0,0,0,3,6,624.5,5.333333333333333,2377.107780126187,10% off next trip,1.2,7,Solo Jetsetters,25.077558928550886,General,-1
541040,348,9,863.2550688888889,1.0,29.0,1995-10-13,1,0,0,0,2,2,1133.0,8.0,4183.68105154044,10% off next trip,2.5,7,Solo Jetsetters,20.76044798279608,General,-1
541047,309,8,1001.375,1.0,74.0,1951-07-09,1,1,0,0,1,0,3744.0,0.0,0.0,meal voucher,7.333333333333333,7,Solo Jetsetters,21.572639828000252,Luxury Traveler,-1
541162,423,9,796.6048845555556,0.3333333333333333,44.0,1980-07-28,0,0,1,0,4,8,632.0,9.75,1592.2520577150092,10% off next trip,2.6,7,Solo Jetsetters,27.807575353075322,General,-1
542056,333,8,878.384848625,0.0,29.0,1995-12-10,1,0,1,0,1,0,2365.0,0.0,0.0,10% off next trip,5.666666666666667,7,Solo Jetsetters,18.72841398724388,Luxury Traveler,-1
542065,292,8,986.125,0.6666666666666666,49.0,1976-03-19,0,1,0,1,1,2,723.6,4.0,3484.233341096958,10% off next trip,5.0,7,Solo Jetsetters,16.92808241401703,General,-1
542142,431,9,990.4444444444445,1.3333333333333333,44.0,1980-07-14,0,1,1,0,5,8,9519.0,75.75,6829.341655071757,10% off next trip,4.833333333333333,7,Solo Jetsetters,46.13776991094909,Planner,-1
542418,443,8,1125.875,0.6,50.0,1975-02-25,0,0,0,0,3,6,989.2,5.666666666666667,576.1819985601524,10% off next trip,2.0,7,Solo Jetsetters,27.930673206762048,General,-1
543222,333,8,1051.5,1.0,40.0,1985-05-05,1,1,0,0,2,4,260.0,7.5,1685.2421300175076,10% off next trip,1.6666666666666667,7,Solo Jetsetters,21.127385809502282,General,-1
543976,309,9,956.0,1.0,34.0,1990-08-25,1,0,0,0,3,4,1754.0,6.5,1061.1516505633426,10% off next trip,1.2,7,Solo Jetsetters,25.8104241353171,General,-1
544406,320,9,955.597945888889,0.4,47.0,1978-04-12,1,1,0,0,3,6,1638.0,9.0,2216.3320945310666,10% off next trip,2.5,7,Solo Jetsetters,25.772516237521724,General,-1
544685,330,8,1021.0,0.6666666666666666,38.0,1987-05-25,0,0,1,0,1,2,348.0,6.0,1488.1076521896955,10% off next trip,10.666666666666666,7,Solo Jetsetters,17.17724461609175,General,-1
545209,345,8,1078.21456,0.75,38.0,1987-04-14,1,0,0,1,2,4,2801.0,11.5,2641.553672580275,10% off next trip,2.25,7,Solo Jetsetters,25.139208063376334,Planner,-1
545344,264,9,901.2222222222222,1.0,24.0,2001-03-25,1,0,1,0,1,0,930.0,0.0,0.0,10% off next trip,11.666666666666666,7,Solo Jetsetters,16.082164269837307,Spontaneous Booker,-1
545518,234,8,947.31888,0.0,46.0,1978-09-27,1,0,1,1,3,6,1847.0,9.666666666666666,2423.567403195404,10% off next trip,4.6,7,Solo Jetsetters,24.967448517932887,General,-1
545684,376,8,1063.625,1.0,48.0,1977-03-28,1,1,1,0,1,2,178.0,4.0,1177.0484033402097,10% off next trip,6.333333333333333,7,Solo Jetsetters,17.887763083504787,General,-1
545736,327,8,1019.25,0.6666666666666666,24.0,2000-12-19,1,0,0,0,2,2,1952.0,9.0,538.8415493788003,10% off next trip,8.0,7,Solo Jetsetters,23.157049147039366,Luxury Traveler,-1
546131,440,8,1138.125,0.5,58.0,1967-07-02,1,0,0,0,3,4,4675.0,7.5,3082.5504996948284,10% off next trip,6.0,7,Solo Jetsetters,33.2553639832435,Luxury Traveler,-1
546164,293,8,988.0,0.0,23.0,2002-03-19,1,0,0,1,1,0,1960.0,0.0,0.0,10% off next trip,15.666666666666666,7,Solo Jetsetters,18.71691595524249,Luxury Traveler,-1
546280,414,9,977.0,0.25,43.0,1982-03-08,1,0,0,0,2,4,634.05,9.0,3208.6589813045794,10% off next trip,2.25,7,Solo Jetsetters,21.91640150817074,General,-1
546307,347,9,922.0,0.8,56.0,1969-02-16,1,0,0,0,4,6,2401.0,5.333333333333333,1880.2489186208466,10% off next trip,3.0,7,Solo Jetsetters,30.610475072057923,General,-1
546395,303,8,749.070812375,0.4,45.0,1980-05-22,1,1,1,0,3,5,617.0,6.333333333333333,2430.452950799266,10% off next trip,1.8,7,Solo Jetsetters,22.156273345817258,General,-1
546419,427,8,1108.625,0.6,55.0,1969-09-07,1,0,1,0,3,6,921.55,8.666666666666666,3350.6953378734365,10% off next trip,0.5,7,Solo Jetsetters,27.480138097001404,General,-1
546529,388,10,896.0,1.0,48.0,1976-08-06,1,1,0,0,3,6,126.0,106.33333333333333,3329.501338112646,10% off next trip,1.25,7,Solo Jetsetters,23.864849871987147,Planner,-1
546688,317,8,1077.538205875,0.75,53.0,1972-01-05,1,0,0,0,2,4,1020.0,9.5,2449.7666494686546,10% off next trip,2.0,7,Solo Jetsetters,22.265483154015833,General,-1
546864,400,8,1150.625,0.6666666666666666,44.0,1980-07-27,0,1,0,0,1,2,1155.0,10.0,4005.6308690940377,10% off next trip,5.0,7,Solo Jetsetters,20.38969393621573,Planner,-1
546888,295,8,988.0,1.3333333333333333,30.0,1994-10-04,1,0,0,0,1,1,4330.8,6.0,3678.4130257995917,10% off next trip,6.0,7,Solo Jetsetters,22.113849189658833,Luxury Traveler,-1
547006,286,8,980.875,1.0,74.0,1951-04-12,1,1,0,0,0,0,0.0,0.0,0.0,30% off first travel,10.0,7,Solo Jetsetters,12.027276594060973,First Timer,-1
547164,444,8,1124.875,0.0,31.0,1993-09-11,1,0,0,1,1,1,3425.0,9.0,1712.388790969241,10% off next trip,19.666666666666668,7,Solo Jetsetters,23.89868618138508,Luxury Traveler,-1
547555,370,9,986.8888888888889,1.0,47.0,1978-03-10,1,0,0,0,4,8,344.0,7.25,2410.003178163937,10% off next trip,0.8,7,Solo Jetsetters,28.573821027937058,General,-1
547594,331,8,1053.625,1.0,18.0,2006-11-26,1,0,0,1,0,0,0.0,0.0,0.0,30% off first travel,1.0,7,Solo Jetsetters,13.253833066255172,First Timer,-1
548193,255,8,798.607736,1.0,18.0,2006-09-09,1,0,1,0,1,2,0.0,8.0,1399.2200842802897,free child ticket,0.0,7,Solo Jetsetters,13.677398525728531,General,-1
548961,410,8,1144.75,0.75,41.0,1984-06-19,1,0,1,0,3,4,2695.0,6.5,1617.013716557236,10% off next trip,5.0,7,Solo Jetsetters,30.14403107178978,Luxury Traveler,-1
549121,274,8,605.091967625,1.0,74.0,1950-10-11,1,0,0,0,1,2,462.0,6.0,1414.6535544115516,meal voucher,4.333333333333333,7,Solo Jetsetters,12.72326524259716,General,-1
549450,278,8,792.213149375,5.0,45.0,1979-09-07,1,1,1,0,0,0,0.0,0.0,0.0,30% off first travel,0.0,7,Solo Jetsetters,10.140484335371042,First Timer,-1
550110,272,9,693.5781265555555,0.75,55.0,1969-11-07,1,1,0,1,2,4,1658.0,7.0,2638.5752313598177,10% off next trip,3.75,7,Solo Jetsetters,18.991373550628506,General,-1
550400,236,8,982.75,0.6666666666666666,74.0,1951-06-09,1,1,0,0,1,2,1449.0,6.0,2130.9490399258134,meal voucher,7.0,7,Solo Jetsetters,17.261450026951998,General,-1
550830,324,8,1016.5,0.0,79.0,1946-05-11,1,1,0,0,0,0,0.0,0.0,0.0,30% off first travel,6.0,7,Solo Jetsetters,12.817956555285182,First Timer,-1
551023,304,8,997.375,0.4,57.0,1967-09-02,1,0,0,0,3,6,904.0,9.0,2100.627465093261,10% off next trip,2.5,7,Solo Jetsetters,24.934440097918937,General,-1
551622,350,8,1039.375,0.0,59.0,1966-05-26,0,1,0,0,0,0,0.0,0.0,0.0,30% off first travel,11.0,7,Solo Jetsetters,13.344703938908342,First Timer,-1
552172,221,8,866.343536125,2.0,55.0,1969-12-06,1,1,1,0,3,3,1541.0,6.5,3662.04838825368,10% off next trip,7.0,7,Solo Jetsetters,23.608365357511666,Luxury Traveler,-1
552653,293,9,896.2037698888889,0.0,60.0,1965-01-25,1,1,0,0,1,2,180.0,13.0,720.5189645778294,10% off next trip,2.6666666666666665,7,Solo Jetsetters,15.312662561915527,Planner,-1
552861,259,8,1021.0,0.6666666666666666,46.0,1978-11-28,1,1,0,0,1,2,312.0,5.0,2206.2513194415897,10% off next trip,2.0,7,Solo Jetsetters,16.280786488129742,General,-1
553054,269,8,964.5,0.0,26.0,1998-11-22,0,0,0,0,0,0,0.0,0.0,0.0,30% off first travel,9.0,7,Solo Jetsetters,11.669396799018736,First Timer,-1
553220,392,9,959.0,0.0,59.0,1966-04-19,1,0,1,0,3,4,2602.0,2.5,1104.058904230886,10% off next trip,2.4,7,Solo Jetsetters,28.033524037384574,Spontaneous Booker,-1
553773,418,9,977.8888888888889,0.0,49.0,1976-03-19,1,1,1,0,3,6,2802.0,6.666666666666667,1778.4193341311636,10% off next trip,3.3333333333333335,7,Solo Jetsetters,28.806974598698847,General,-1
553938,404,8,1090.125,1.0,45.0,1980-01-19,1,0,0,0,2,4,496.0,6.5,3072.2599732151766,10% off next trip,5.5,7,Solo Jetsetters,22.6751870212494,General,-1
553967,373,8,1062.0,0.5,42.0,1983-06-24,1,0,1,0,2,4,496.0,7.0,2584.4723213328643,10% off next trip,2.6666666666666665,7,Solo Jetsetters,22.039061237325523,General,-1
553985,420,8,1105.5,0.5,37.0,1987-08-12,1,0,0,0,2,4,207.0,8.5,2645.6648530817474,10% off next trip,2.5,7,Solo Jetsetters,22.600482901379884,General,-1
555257,259,8,630.558447,0.4,29.0,1996-03-15,1,0,1,0,3,5,934.0,8.333333333333334,2091.1391026437122,10% off next trip,4.8,7,Solo Jetsetters,20.95807790804442,General,-1
555773,251,8,948.75,0.0,23.0,2001-10-19,1,0,0,0,0,0,0.0,0.0,0.0,30% off first travel,0.0,7,Solo Jetsetters,11.30554731240232,First Timer,-1
556579,418,8,1103.0,0.0,49.0,1976-06-15,1,1,0,0,2,0,1070.0,0.0,0.0,10% off next trip,5.0,7,Solo Jetsetters,23.780791102935087,Spontaneous Booker,-1
556623,401,8,1087.375,1.0,40.0,1984-10-15,1,1,0,0,1,2,177.0,8.0,2156.604602175762,10% off next trip,1.6666666666666667,7,Solo Jetsetters,18.40949202499923,General,-1
557262,385,8,1071.75,1.5,27.0,1997-08-23,1,1,1,0,3,3,3094.0,9.0,3620.7785290805564,10% off next trip,8.6,7,Solo Jetsetters,29.720884505581918,Luxury Traveler,-1
557569,278,8,973.5,4.0,41.0,1984-06-20,1,1,1,0,1,0,4650.0,0.0,0.0,free child ticket,15.0,7,Solo Jetsetters,22.22792556242701,Luxury Traveler,-1
557726,292,8,986.625,0.6666666666666666,51.0,1974-05-09,1,1,0,0,1,2,0.0,10.0,1658.0587193436652,10% off next trip,0.0,7,Solo Jetsetters,15.903307812530915,Planner,-1
557762,583,9,1811.888888888889,0.0,70.0,1954-11-16,1,0,0,0,1,0,1104.0,0.0,0.0,meal voucher,8.666666666666666,7,Solo Jetsetters,28.77513995197066,Spontaneous Booker,-1
557815,449,8,1132.375,0.25,50.0,1975-05-14,1,1,0,0,3,4,2029.1,8.5,1704.8329358164624,10% off next trip,3.0,7,Solo Jetsetters,29.54337406600629,General,-1
557834,184,8,958.125,0.3333333333333333,18.0,2006-09-03,1,0,0,0,1,2,146.0,4.0,500.09962317366745,discount at special events,2.0,7,Solo Jetsetters,14.554680008011214,General,-1
557879,450,8,1130.5,0.0,19.0,2006-01-15,1,0,0,0,0,0,0.0,0.0,0.0,30% off first travel,3.0,7,Solo Jetsetters,15.400513383583597,First Timer,-1
557963,246,8,984.25,0.5,47.0,1978-04-22,1,1,0,0,2,4,551.0,6.0,624.4327988140165,10% off next trip,9.5,7,Solo Jetsetters,19.867086554068823,General,-1
558114,350,9,923.0,0.75,49.0,1976-01-21,1,1,0,0,3,4,3096.0,8.0,1614.194734555502,10% off next trip,8.4,7,Solo Jetsetters,27.89451665760995,Luxury Traveler,-1
559695,377,8,706.775376875,0.75,57.0,1968-02-01,1,1,1,0,3,4,894.0,6.0,2366.928541990391,10% off next trip,3.5,7,Solo Jetsetters,23.02969320803815,General,-1
559936,305,8,1048.878664875,0.0,56.0,1968-12-02,1,1,0,0,2,4,392.0,9.5,1447.854375001889,10% off next trip,1.5,7,Solo Jetsetters,20.95696676950024,General,-1
560627,305,9,799.5182927777778,1.0,42.0,1982-12-26,1,0,0,0,2,4,910.0,7.5,2506.304879651827,10% off next trip,9.0,7,Solo Jetsetters,19.326011975557883,General,-1
560680,263,8,823.09438425,1.0,49.0,1975-10-23,1,1,1,0,0,0,0.0,0.0,0.0,30% off first travel,1.0,7,Solo Jetsetters,10.255164588205039,First Timer,-1
560739,212,8,854.440419375,0.6,38.0,1987-03-08,1,1,1,0,3,6,1483.0,7.333333333333333,1146.0285952326128,10% off next trip,2.3333333333333335,7,Solo Jetsetters,23.305668000432807,General,-1
561031,392,8,1108.125,0.6666666666666666,37.0,1988-03-28,1,0,0,1,4,8,2807.0,5.75,1870.6312118080646,10% off next trip,4.0,7,Solo Jetsetters,33.49130144905071,General,-1
561846,348,8,1037.375,0.75,41.0,1983-12-04,1,1,0,0,3,4,1155.8,6.0,2936.226611250313,10% off next trip,2.0,7,Solo Jetsetters,26.196349796215813,General,-1
561908,578,9,1500.618587,0.8,35.0,1989-08-05,1,0,0,1,1,2,0.0,7.0,727.4164376749952,10% off next trip,3.2,7,Solo Jetsetters,24.189010658594974,General,-1
561950,346,9,922.057441,0.625,43.0,1981-12-02,0,0,0,0,6,11,4058.0,8.166666666666666,1461.029342062576,free meal,3.75,7,Solo Jetsetters,40.45666006033956,General,-1
562275,339,8,1086.25,0.8333333333333334,57.0,1968-06-28,0,0,0,0,4,8,2320.2,7.25,1664.0066988640174,10% off next trip,2.5,7,Solo Jetsetters,31.960012941805704,General,-1
563059,434,8,1118.875,0.6666666666666666,42.0,1983-05-21,0,0,1,0,4,8,1253.0,9.75,2687.488749972262,10% off next trip,3.8,7,Solo Jetsetters,31.88238657948797,General,-1
563711,421,9,981.8888888888889,0.6666666666666666,46.0,1978-11-25,1,1,0,0,3,6,422.0,5.666666666666667,2254.309415708742,10% off next trip,2.8,7,Solo Jetsetters,25.49446006000372,General,-1
563831,320,9,908.6666666666666,1.0,80.0,1945-03-09,1,1,0,0,0,0,0.0,0.0,0.0,30% off first travel,0.0,7,Solo Jetsetters,11.746340039962808,First Timer,-1
563853,399,8,1086.0,0.75,29.0,1995-09-01,1,0,0,0,2,4,375.0,7.5,2402.0999227357984,10% off next trip,1.3333333333333333,7,Solo Jetsetters,22.404335526443926,General,-1
564495,368,8,1055.625,0.5,51.0,1974-06-20,1,0,1,0,3,4,1548.7,8.0,1628.407052179967,10% off next trip,2.6,7,Solo Jetsetters,27.166758833998095,General,-1
564620,278,8,707.548047125,0.2,43.0,1981-09-06,1,0,0,0,3,6,2748.0,9.0,1915.2241843904778,10% off next trip,3.5,7,Solo Jetsetters,24.49629082838983,General,-1
565265,326,8,1090.0,0.6,28.0,1997-04-12,0,0,0,1,4,5,3824.0,8.666666666666666,2211.7915632261124,10% off next trip,3.5,7,Solo Jetsetters,33.980436048199955,General,-1
565511,309,8,1000.625,0.0,19.0,2006-01-15,1,0,0,0,0,0,0.0,0.0,0.0,30% off first travel,0.0,7,Solo Jetsetters,12.488634340316935,First Timer,-1
565565,461,8,1143.25,0.0,60.0,1964-08-12,1,1,1,0,3,4,1088.0,9.5,1247.8600621628675,10% off next trip,4.5,7,Solo Jetsetters,28.450524410491372,General,-1
565827,250,9,888.5555555555555,1.0,26.0,1998-10-28,1,1,0,0,1,2,250.0,4.0,1082.1720558423426,10% off next trip,-1.0,7,Solo Jetsetters,14.8277240041303,General,-1
566044,335,8,1042.375,3.0,60.0,1965-04-05,0,1,1,0,0,0,0.0,0.0,0.0,30% off first travel,0.0,7,Solo Jetsetters,13.194620847923716,First Timer,-1
566059,428,11,809.8181818181819,1.4,30.0,1995-07-03,1,1,1,0,3,6,2071.7,8.333333333333334,1489.7513652757473,10% off next trip,7.8,7,Solo Jetsetters,26.290948595633633,Luxury Traveler,-1
566953,315,9,804.3412767777778,0.3333333333333333,32.0,1993-04-28,1,0,1,1,1,2,628.0,5.0,2365.259532043892,10% off next trip,4.0,7,Solo Jetsetters,15.339635603724124,General,-1
566999,436,9,995.8888888888889,0.0,47.0,1977-08-12,1,0,0,0,2,4,0.0,8.0,1928.923115805011,10% off next trip,3.0,7,Solo Jetsetters,21.455564458161053,General,-1
567950,307,8,1000.25,0.5,54.0,1970-12-08,1,1,0,0,2,3,432.0,7.0,1953.863129240944,10% off next trip,1.0,7,Solo Jetsetters,20.57590416699598,General,-1
568773,397,10,887.2260946,0.3333333333333333,46.0,1978-12-08,1,1,1,0,4,8,629.0,7.0,1199.032108936283,10% off next trip,1.3333333333333333,7,Solo Jetsetters,28.354332415581347,General,-1
568931,427,8,1112.5,0.6666666666666666,45.0,1980-04-25,1,1,1,0,4,8,601.0,6.25,1762.9562922514897,10% off next trip,2.0,7,Solo Jetsetters,30.810863825005207,General,-1
570076,242,8,989.375,0.0,31.0,1994-03-08,1,0,0,0,1,2,1540.0,6.0,1039.8590658291234,10% off next trip,7.0,7,Solo Jetsetters,17.525263204381307,Luxury Traveler,-1
571208,312,8,1004.0,3.0,35.0,1989-09-04,1,1,1,0,0,0,0.0,0.0,0.0,30% off first travel,14.0,7,Solo Jetsetters,12.556398005816371,First Timer,-1
571243,270,9,707.8117827777778,1.0,48.0,1977-06-09,1,0,1,0,1,2,0.0,4.0,2453.7160811067647,10% off next trip,3.0,7,Solo Jetsetters,12.99376136532996,General,-1
571300,388,8,1075.75,0.75,49.0,1975-09-09,0,1,0,0,2,4,1225.5,5.5,2984.7667404192907,10% off next trip,3.5,7,Solo Jetsetters,23.38612126517235,General,-1
571888,308,8,1016.125,0.2,41.0,1984-02-11,1,0,0,0,3,6,1409.0,5.333333333333333,1482.9879524229937,10% off next trip,6.2,7,Solo Jetsetters,25.878614492276995,General,-1
572489,276,8,970.875,2.0,46.0,1978-10-04,1,1,1,0,2,2,1988.0,5.0,1951.78879187547,10% off next trip,7.0,7,Solo Jetsetters,22.141751879033265,Luxury Traveler,-1
573010,348,8,1039.5,0.75,46.0,1978-08-21,1,0,1,0,2,4,3618.0,10.5,1993.916918386685,10% off next trip,3.5,7,Solo Jetsetters,25.969694717917868,Planner,-1
573086,270,8,787.552429625,1.0,46.0,1979-03-27,1,0,1,0,2,4,2601.0,6.0,1519.614672361478,10% off next trip,5.5,7,Solo Jetsetters,21.201634885223605,Luxury Traveler,-1
573153,397,8,1082.25,0.8,44.0,1981-03-20,0,0,0,0,3,6,573.0,8.333333333333334,3038.7926029897194,10% off next trip,1.5,7,Solo Jetsetters,26.376625760632404,General,-1
573191,303,8,995.75,1.25,39.0,1986-02-21,0,0,0,0,2,4,1911.6,6.5,758.4560150847235,10% off next trip,8.0,7,Solo Jetsetters,22.590695957949418,Luxury Traveler,-1
573648,334,8,1023.875,0.4,40.0,1985-04-02,1,0,0,0,3,5,488.0,7.0,2703.215842832757,10% off next trip,1.0,7,Solo Jetsetters,24.951354003380015,General,-1
573670,309,8,816.542306375,0.8,33.0,1992-02-24,1,0,0,0,5,6,2701.0,9.333333333333334,2373.388965206867,10% off next trip,4.0,7,Solo Jetsetters,33.33348960000476,General,-1
573698,316,9,896.4444444444445,0.6666666666666666,32.0,1992-10-14,1,0,0,0,1,2,1022.4,7.0,2521.5741017778764,10% off next trip,8.0,7,Solo Jetsetters,16.787306324126945,General,-1
574003,323,9,902.2222222222222,0.5,43.0,1981-09-17,0,0,0,0,2,4,862.0,7.0,828.6853401192384,10% off next trip,2.0,7,Solo Jetsetters,20.447292384046474,General,-1
575554,431,8,1111.875,1.3333333333333333,46.0,1979-06-02,1,1,0,0,1,2,0.0,5.0,1355.7451097406104,10% off next trip,0.0,7,Solo Jetsetters,18.747457811541736,General,-1
575756,310,8,1018.625,0.0,39.0,1985-07-11,1,0,0,0,2,2,855.0,13.0,2265.716295635522,10% off next trip,2.5,7,Solo Jetsetters,21.387944904935356,Planner,-1
576103,446,8,1193.25,1.0,52.0,1972-10-28,1,1,1,0,1,2,103.0,6.0,586.1220034947961,10% off next trip,9.0,7,Solo Jetsetters,19.845321601892977,General,-1
576677,396,9,962.1111111111111,0.4,53.0,1971-07-26,1,1,0,1,3,6,997.0,7.666666666666667,628.9175295385274,10% off next trip,2.0,7,Solo Jetsetters,25.827126753930436,General,-1
576765,307,8,998.75,0.0,22.0,2002-10-16,1,0,0,1,0,0,0.0,0.0,0.0,30% off first travel,0.0,7,Solo Jetsetters,12.44701960551566,First Timer,-1
576849,490,8,1168.625,1.0,39.0,1985-10-27,1,1,0,0,3,4,3806.0,7.5,2473.875034785528,10% off next trip,5.4,7,Solo Jetsetters,32.90383883180635,Luxury Traveler,-1
577287,342,8,590.2091145,0.4,45.0,1980-03-22,1,0,1,1,3,6,1467.95,6.0,3297.8275921573477,10% off next trip,3.8,7,Solo Jetsetters,22.322704024055966,General,-1
577541,411,8,1095.75,0.5,35.0,1989-10-24,1,0,0,0,2,4,586.8,8.5,1106.9660794234965,10% off next trip,2.5,7,Solo Jetsetters,22.941124292317173,General,-1
577851,307,8,999.0,0.0,28.0,1996-07-16,1,1,1,0,1,2,93.0,6.0,4152.542044745053,10% off next trip,11.666666666666666,7,Solo Jetsetters,16.331712051517997,General,-1
581085,265,8,641.32206675,0.2,28.0,1996-12-12,1,1,1,0,3,6,1158.5,6.666666666666667,2224.34096000468,10% off next trip,1.8,7,Solo Jetsetters,21.45113283901869,General,-1
581120,407,8,1103.0,1.0,42.0,1982-12-21,1,0,0,1,2,4,336.0,5.5,2497.7962940431116,10% off next trip,1.0,7,Solo Jetsetters,22.605519165889653,General,-1
581343,309,8,1009.25,1.0,26.0,1999-01-04,1,0,0,1,1,2,924.0,6.0,4693.282717588382,10% off next trip,9.0,7,Solo Jetsetters,17.635185817459337,General,-1
581491,248,9,872.0,0.6666666666666666,19.0,2006-01-21,1,0,0,0,2,2,1830.0,9.0,2118.0906385799485,discount at special events,5.0,7,Solo Jetsetters,20.644691386891136,Luxury Traveler,-1
581729,273,10,825.2,0.0,69.0,1956-05-19,1,0,0,0,0,0,0.0,0.0,0.0,30% off first travel,0.0,7,Solo Jetsetters,10.394207371357352,First Timer,-1
582903,377,9,946.6666666666666,2.0,25.0,2000-06-17,1,0,0,1,0,0,0.0,0.0,0.0,30% off first travel,0.0,7,Solo Jetsetters,12.78576374463371,First Timer,-1
583120,281,8,975.375,1.6666666666666667,54.0,1971-04-05,1,1,1,0,1,2,573.0,6.0,4175.732793161223,10% off next trip,3.0,7,Solo Jetsetters,16.480776353150265,General,-1
584115,173,8,837.050549125,1.0,37.0,1987-11-01,1,0,1,0,2,0,1166.0,0.0,0.0,10% off next trip,3.5,7,Solo Jetsetters,18.47522527768178,Spontaneous Booker,-1
584549,424,11,805.0,0.5,56.0,1969-03-04,1,0,0,0,3,3,1365.0,7.5,1241.1862451827917,10% off next trip,4.6,7,Solo Jetsetters,25.19209785334019,General,-1
584787,369,9,939.6666666666666,0.0,66.0,1958-07-21,1,1,0,0,2,0,3876.0,0.0,0.0,meal voucher,9.5,7,Solo Jetsetters,25.638743051634037,Luxury Traveler,-1
585650,397,8,1104.125,0.0,32.0,1992-09-16,1,0,0,0,2,2,3270.0,9.0,916.2358278747338,10% off next trip,5.0,7,Solo Jetsetters,26.67158734043574,Luxury Traveler,-1
586063,501,8,1179.75,0.0,44.0,1980-07-21,0,0,0,1,1,2,1448.0,8.0,1673.5269911075404,10% off next trip,2.0,7,Solo Jetsetters,22.285523321227025,General,-1
586192,277,8,972.25,0.3333333333333333,50.0,1975-04-12,1,1,0,0,1,2,404.0,8.0,1169.3234925960523,10% off next trip,2.0,7,Solo Jetsetters,16.163032355813275,General,-1
586251,324,8,1015.25,0.5,37.0,1988-06-12,1,0,1,0,2,4,699.2,7.0,2457.640593206754,10% off next trip,6.0,7,Solo Jetsetters,21.300893272417284,General,-1
586272,322,8,1014.375,0.0,19.0,2006-04-05,1,0,0,0,1,2,272.0,10.0,2265.716295635522,discount at special events,1.0,7,Solo Jetsetters,16.91096359515455,Planner,-1
586721,392,8,1121.25,0.0,18.0,2006-10-21,1,0,0,0,0,0,0.0,0.0,0.0,30% off first travel,18.0,7,Solo Jetsetters,14.622198152214771,First Timer,-1
587234,222,9,786.1138921111111,0.25,41.0,1984-01-07,1,0,1,1,2,4,1077.55,7.0,790.7823574210254,10% off next trip,7.75,7,Solo Jetsetters,18.449013609318264,General,-1
587675,237,8,966.375,1.6666666666666667,44.0,1980-10-19,1,0,0,0,1,2,2002.0,8.0,366.94646832319575,10% off next trip,7.0,7,Solo Jetsetters,17.904652559982203,Luxury Traveler,-1
588797,301,8,993.0,2.5,45.0,1979-09-13,0,1,1,1,2,4,1098.0,7.0,3436.592753886929,free child ticket,6.25,7,Solo Jetsetters,21.38319938512497,Family Traveler,-1
589404,404,8,1089.375,0.0,42.0,1983-06-25,1,0,1,0,3,4,3945.0,10.0,1681.4983775136907,10% off next trip,7.2,7,Solo Jetsetters,31.325228627540614,Luxury Traveler,-1
590420,873,8,1525.25,0.25,28.0,1997-05-01,1,0,1,0,4,3,2452.0,5.5,3945.3019456898764,10% off next trip,2.5,7,Solo Jetsetters,42.67347143006733,General,-1
591063,330,8,1027.5,1.0,55.0,1970-03-05,1,1,0,1,1,2,0.0,6.0,2836.7063876321963,10% off next trip,0.0,7,Solo Jetsetters,16.74384236453202,General,-1
592035,285,9,836.8575247777778,0.75,44.0,1980-07-11,1,0,1,0,2,4,126.0,8.0,855.7913263583578,10% off next trip,6.333333333333333,7,Solo Jetsetters,18.32703579584679,General,-1
592403,306,8,999.875,1.0,81.0,1943-09-23,0,0,0,1,1,0,2242.0,0.0,0.0,meal voucher,6.333333333333333,7,Solo Jetsetters,19.38566778595611,Luxury Traveler,-1
593833,404,9,970.1111111111111,0.0,24.0,2001-04-20,1,0,0,0,0,0,0.0,0.0,0.0,30% off first travel,0.0,7,Solo Jetsetters,13.329823398685054,First Timer,-1
594824,288,9,602.4055817777778,0.6666666666666666,49.0,1976-06-25,1,1,1,0,1,2,0.0,6.0,680.3610431272796,10% off next trip,0.6666666666666666,7,Solo Jetsetters,12.207097933672292,General,-1
595123,268,8,962.875,0.0,42.0,1982-12-27,1,0,1,1,1,2,584.0,9.0,3280.1448947765653,10% off next trip,4.0,7,Solo Jetsetters,16.222963607331216,General,-1
595183,468,9,1025.888888888889,0.0,67.0,1957-12-02,1,1,0,0,1,0,3332.0,0.0,0.0,meal voucher,7.0,7,Solo Jetsetters,23.112098799316648,Luxury Traveler,-1
595958,307,8,998.75,1.25,52.0,1972-11-28,1,1,0,0,3,4,518.0,5.0,2448.4601597841183,10% off next trip,5.4,7,Solo Jetsetters,24.43401896526525,General,-1
596863,226,8,804.07480975,1.3333333333333333,40.0,1985-01-04,1,1,1,0,2,1,9549.0,9.0,658.8582063832355,10% off next trip,18.0,7,Solo Jetsetters,30.720190058041485,Luxury Traveler,-1
597434,296,8,990.875,0.4,41.0,1983-11-23,1,0,0,0,3,5,803.0,8.333333333333334,1932.5756858172692,10% off next trip,1.5,7,Solo Jetsetters,24.63377662387847,General,-1
598533,219,8,814.7903735,0.6666666666666666,39.0,1985-08-14,1,0,1,1,1,2,340.0,4.0,3754.551064141124,10% off next trip,8.666666666666666,7,Solo Jetsetters,13.886243997375637,General,-1
599065,368,8,1055.5,0.75,40.0,1984-08-23,0,0,1,0,2,4,848.0,6.0,2873.509154663453,10% off next trip,1.75,7,Solo Jetsetters,22.41863079410854,General,-1
599454,317,8,1069.549177875,0.0,43.0,1981-09-27,1,1,0,0,2,4,3353.0,5.5,2643.4189814064066,10% off next trip,4.5,7,Solo Jetsetters,25.508961121377745,General,-1
599649,392,8,1079.75,0.6,57.0,1968-04-21,1,1,1,0,3,6,5608.5,6.666666666666667,3191.8592078884626,10% off next trip,4.2,7,Solo Jetsetters,33.457763747043145,General,-1
600515,429,9,989.8888888888889,1.0,37.0,1987-11-09,1,1,0,1,3,6,1154.7,6.333333333333333,2328.0441015372985,10% off next trip,2.2,7,Solo Jetsetters,26.708136999273524,General,-1
600842,220,8,856.261228875,0.0,32.0,1992-08-11,1,0,0,0,2,0,1017.0,0.0,0.0,10% off next trip,3.0,7,Solo Jetsetters,19.005181839539382,Spontaneous Booker,-1
602734,346,8,420.749989875,0.0,37.0,1987-08-19,1,0,0,0,0,0,0.0,0.0,0.0,30% off first travel,1.0,7,Solo Jetsetters,7.42255218192969,First Timer,-1
602953,443,10,957.5,0.5,41.0,1983-08-16,1,0,0,0,4,8,1600.0,6.25,1957.8651235612922,10% off next trip,2.4,7,Solo Jetsetters,30.950798481585206,General,-1
603033,281,8,976.125,1.0,74.0,1951-07-06,1,0,0,0,0,0,0.0,0.0,0.0,30% off first travel,0.0,7,Solo Jetsetters,11.92264625002473,First Timer,-1
603440,330,8,1021.25,1.0,44.0,1981-03-26,1,0,0,0,3,4,1456.0,5.5,1574.8049669847146,10% off next trip,6.8,7,Solo Jetsetters,26.25605742917098,General,-1
603592,414,8,1128.75,0.75,39.0,1986-02-24,1,0,0,0,2,4,1856.0,8.0,2236.7675044303173,10% off next trip,3.75,7,Solo Jetsetters,25.096001000741442,General,-1
603635,304,8,997.75,1.0,66.0,1958-10-12,1,1,0,1,2,4,1696.6,8.5,2930.356316625813,meal voucher,7.75,7,Solo Jetsetters,22.315695527255368,Luxury Traveler,-1
604688,457,8,1138.375,0.4,41.0,1984-01-27,1,1,1,0,3,6,1401.0,6.666666666666667,2655.3679160641154,10% off next trip,3.0,7,Solo Jetsetters,28.80194154325444,General,-1
605615,334,8,1025.25,0.25,35.0,1989-09-19,0,0,0,1,2,4,447.0,6.0,2764.2345069323,10% off next trip,1.5,7,Solo Jetsetters,21.156077231949514,General,-1
606930,399,9,996.6666666666666,1.0,41.0,1983-09-15,1,0,0,0,4,8,2055.0,6.25,2309.5081592415186,10% off next trip,1.75,7,Solo Jetsetters,31.446284334308327,General,-1
607152,364,8,1007.557683,0.4,34.0,1991-03-28,1,0,0,0,4,6,2079.0,6.333333333333333,3083.151963853304,10% off next trip,2.8333333333333335,7,Solo Jetsetters,31.16718667278005,General,-1
607197,233,8,995.375,0.0,19.0,2006-01-19,1,0,1,0,0,0,0.0,0.0,0.0,30% off first travel,0.0,7,Solo Jetsetters,11.534017844778129,First Timer,-1
608086,317,8,1009.0,0.5,28.0,1996-10-02,1,0,0,0,2,3,3940.0,6.0,683.3695853443812,10% off next trip,3.5,7,Solo Jetsetters,25.769150403879422,General,-1
608343,243,8,587.35421975,1.0,45.0,1980-04-07,1,1,0,0,1,2,420.0,5.0,774.1617729457435,10% off next trip,2.0,7,Solo Jetsetters,12.126021268874126,General,-1
609683,296,8,989.625,1.0,18.0,2006-12-28,1,0,0,0,0,0,0.0,0.0,0.0,30% off first travel,0.0,7,Solo Jetsetters,12.229415197736762,First Timer,-1
609838,203,8,967.375,1.0,67.0,1957-09-13,1,1,0,0,0,0,0.0,0.0,0.0,30% off first travel,0.0,7,Solo Jetsetters,10.910983836825135,First Timer,-1
610492,277,8,972.375,1.0,21.0,2003-11-05,1,0,1,1,1,0,696.6,0.0,0.0,10% off next trip,2.0,7,Solo Jetsetters,16.58052441362984,Spontaneous Booker,-1
612002,294,9,802.4916878888889,0.75,44.0,1980-10-03,1,0,1,0,3,4,2376.0,7.0,3607.4360453609006,10% off next trip,8.0,7,Solo Jetsetters,25.059088843986142,Luxury Traveler,-1
612220,265,8,961.0,1.3333333333333333,18.0,2006-10-12,0,0,0,0,1,2,0.0,7.0,2708.8006957716575,discount at special events,0.0,7,Solo Jetsetters,15.338541357548422,General,-1
612562,296,8,989.625,0.3333333333333333,26.0,1999-06-12,1,0,0,0,1,2,0.0,5.0,4183.68105154044,10% off next trip,0.0,7,Solo Jetsetters,15.979415197736763,General,-1
614595,247,8,944.5,5.0,51.0,1974-06-16,1,1,1,0,0,0,0.0,0.0,0.0,30% off first travel,0.0,7,Solo Jetsetters,11.217569786535304,First Timer,-1
614748,376,8,1064.125,1.0,49.0,1976-02-05,1,0,1,0,2,4,3884.0,8.0,2290.87927172412,10% off next trip,2.75,7,Solo Jetsetters,26.91532895295842,General,-1
615489,254,8,949.75,1.3333333333333333,58.0,1967-04-26,1,1,1,0,1,2,0.0,11.0,1089.3173330716402,10% off next trip,0.0,7,Solo Jetsetters,15.10075771064554,Planner,-1
616718,350,9,828.4929064444444,0.0,46.0,1978-09-15,1,1,0,1,3,6,1552.0,6.666666666666667,3113.899295726476,10% off next trip,3.2,7,Solo Jetsetters,24.800296370042936,General,-1
616802,317,8,1009.0,0.8,45.0,1979-11-20,1,1,0,0,3,6,628.0,6.333333333333333,1475.1604902391518,10% off next trip,1.5,7,Solo Jetsetters,24.80690739327972,General,-1
616992,323,8,1012.5,0.5,38.0,1986-10-23,1,0,1,0,2,4,3189.0,6.0,1672.94755632697,10% off next trip,3.0,7,Solo Jetsetters,24.805308575391027,General,-1
617402,474,8,1153.875,0.2,34.0,1991-03-06,1,0,0,0,3,6,1164.8,7.333333333333333,2864.5464588782265,10% off next trip,1.0,7,Solo Jetsetters,28.815451914017544,General,-1
618063,296,8,818.932208125,0.8,52.0,1973-04-19,1,1,0,1,3,6,2680.0,7.333333333333333,2932.0914046957937,10% off next trip,3.8,7,Solo Jetsetters,25.671544118771667,General,-1
618157,274,8,1009.75,2.75,39.0,1986-06-17,1,1,1,0,2,3,6846.6,5.5,862.9177821662772,free child ticket,6.5,7,Solo Jetsetters,29.399816257352366,Luxury Traveler,-1
619079,624,8,1292.125,0.6,46.0,1978-09-13,0,0,0,0,3,6,1086.0,9.0,1073.5476949103904,10% off next trip,4.2,7,Solo Jetsetters,31.801888796338986,General,-1
620884,404,8,1089.5,0.2,35.0,1990-04-17,1,0,0,0,3,6,820.0,8.0,991.3519565310708,10% off next trip,1.75,7,Solo Jetsetters,26.880232245433998,General,-1
621665,429,9,990.3333333333334,0.8333333333333334,48.0,1976-12-01,1,0,1,0,4,8,799.0,9.25,1987.8430184206732,10% off next trip,1.6,7,Solo Jetsetters,29.956275114844864,General,-1
622343,288,8,717.721317375,1.0,48.0,1977-06-15,1,0,0,0,1,2,492.0,5.0,2385.803549485473,10% off next trip,2.0,7,Solo Jetsetters,14.002156249153689,General,-1
622418,353,8,1043.25,0.6666666666666666,42.0,1982-10-19,0,0,1,0,1,2,61.0,8.0,8809.999266369125,10% off next trip,1.0,7,Solo Jetsetters,17.254005160565537,General,-1
624497,642,8,2025.125,1.0,29.0,1995-10-22,1,0,1,1,1,2,423.0,10.0,2523.6099190569425,10% off next trip,3.4,7,Solo Jetsetters,30.53352272500093,Planner,-1
625555,301,8,1025.125,0.0,24.0,2001-03-08,0,0,0,0,1,0,889.0,0.0,0.0,10% off next trip,7.0,7,Solo Jetsetters,17.640901254580925,Spontaneous Booker,-1
627176,270,8,822.74330375,0.5,49.0,1975-09-24,1,0,0,0,2,4,356.0,7.5,545.1217883821521,10% off next trip,4.25,7,Solo Jetsetters,18.341673234095655,General,-1
631787,378,8,1065.125,0.0,48.0,1977-06-10,0,0,0,0,3,4,690.4,6.5,3923.6647379534697,10% off next trip,3.25,7,Solo Jetsetters,26.15484857521136,General,-1
632136,297,8,661.140227625,0.8,52.0,1973-01-26,1,0,0,0,3,6,1729.0,6.666666666666667,1114.9735300368827,10% off next trip,2.4,7,Solo Jetsetters,22.831975946561872,General,-1
632475,363,8,1050.125,1.0,69.0,1955-10-22,1,1,0,1,1,0,468.0,0.0,0.0,meal voucher,6.333333333333333,7,Solo Jetsetters,18.01740947876711,Spontaneous Booker,-1
633725,443,8,1124.75,1.0,49.0,1976-03-17,1,1,0,1,6,12,1674.6,7.666666666666667,771.4150093358057,free meal,1.5,7,Solo Jetsetters,40.14516259208277,General,-1
635666,247,8,1007.25,0.0,27.0,1997-08-27,1,0,0,0,0,0,0.0,0.0,0.0,30% off first travel,11.0,7,Solo Jetsetters,11.81345084772588,First Timer,-1
640867,422,9,982.1111111111111,0.75,52.0,1972-10-20,1,0,1,1,2,4,1037.0,8.0,1378.0408917777763,10% off next trip,2.5,7,Solo Jetsetters,22.633483961503924,General,-1
642553,340,8,1028.375,0.3333333333333333,28.0,1997-04-27,1,0,0,1,1,2,366.0,8.0,2996.24663839748,10% off next trip,1.0,7,Solo Jetsetters,17.391936081402203,General,-1
643714,260,8,1006.875,1.0,44.0,1980-09-27,1,1,0,0,1,2,140.0,6.0,2687.2131320186463,10% off next trip,1.0,7,Solo Jetsetters,15.913840726437975,General,-1
645047,407,8,1093.125,0.0,45.0,1979-12-08,1,0,0,0,3,6,1454.0,4.0,1518.8063763479302,10% off next trip,1.6,7,Solo Jetsetters,27.852411626481192,General,-1
645939,196,8,958.897603625,2.0,52.0,1972-09-16,1,1,1,0,0,0,0.0,0.0,0.0,30% off first travel,0.0,7,Solo Jetsetters,10.74714819356243,First Timer,-1
646424,349,8,1060.25,0.6666666666666666,45.0,1980-01-28,1,1,0,1,2,2,4671.6,8.0,1712.388790969241,10% off next trip,4.25,7,Solo Jetsetters,27.67768343918443,General,-1
647662,424,8,1139.375,0.5,45.0,1979-09-20,1,0,0,0,2,4,722.0,8.0,441.1941137690041,10% off next trip,2.0,7,Solo Jetsetters,23.70251378460582,General,-1
651491,394,8,1079.5,0.25,44.0,1981-04-15,0,0,0,0,4,4,2329.25,8.0,1714.2378025330931,10% off next trip,4.833333333333333,7,Solo Jetsetters,32.56355223411263,General,-1
651744,413,8,1099.25,0.5,48.0,1976-08-02,1,0,0,0,2,4,796.5,8.0,1926.1138251072448,10% off next trip,2.25,7,Solo Jetsetters,23.29652690059474,General,-1
655166,291,8,984.75,1.0,18.0,2006-11-10,1,0,0,0,0,0,0.0,0.0,0.0,30% off first travel,0.0,7,Solo Jetsetters,12.123597839634401,First Timer,-1
656471,235,8,621.655801375,1.0,30.0,1995-05-05,1,0,1,0,1,2,544.0,6.0,293.18110814727305,10% off next trip,7.333333333333333,7,Solo Jetsetters,12.532939409827563,General,-1
657343,354,8,1044.75,0.0,58.0,1967-06-22,1,1,0,0,0,0,0.0,0.0,0.0,30% off first travel,3.0,7,Solo Jetsetters,13.443364591370411,First Timer,-1
662596,330,8,1021.125,1.0,21.0,2004-05-04,1,0,0,0,1,2,0.0,4.0,1262.6738665262183,10% off next trip,9.0,7,Solo Jetsetters,16.68330464716007,General,-1
664401,313,8,1004.75,0.0,43.0,1981-12-20,1,0,0,0,2,4,741.0,6.5,1698.8444786801615,10% off next trip,6.75,7,Solo Jetsetters,21.12970385901831,General,-1
664405,273,8,746.3500635,0.0,55.0,1970-06-26,1,1,1,1,1,2,95.95,6.0,1191.469038820123,10% off next trip,1.6666666666666667,7,Solo Jetsetters,13.531955116450181,General,-1
666174,371,8,1058.75,0.3333333333333333,43.0,1982-05-20,0,1,0,1,1,2,604.0,7.0,2841.564714629618,10% off next trip,2.0,7,Solo Jetsetters,18.388049445968694,General,-1
667718,307,8,999.75,0.75,39.0,1986-03-02,1,0,0,0,2,4,308.0,6.0,2318.070028739243,10% off next trip,2.0,7,Solo Jetsetters,20.39473155357138,General,-1
669449,518,8,1966.25,0.6,45.0,1980-04-01,1,1,0,0,1,2,722.5,4.0,4169.934691903535,10% off next trip,4.6,7,Solo Jetsetters,28.924370840358687,General,-1
676570,280,8,819.467222,0.6666666666666666,47.0,1977-11-21,1,0,0,0,1,2,2448.0,6.0,2622.8769703772114,10% off next trip,0.6666666666666666,7,Solo Jetsetters,17.65606382492516,General,-1
679831,307,8,1066.5,1.0,35.0,1990-01-11,1,0,0,0,0,0,0.0,0.0,0.0,30% off first travel,3.0,7,Solo Jetsetters,13.090381229350903,First Timer,-1
690420,460,8,1141.75,0.4,56.0,1968-10-22,1,1,1,0,3,6,736.2,6.0,3288.7887337068605,10% off next trip,1.6,7,Solo Jetsetters,27.92384193778567,General,-1
691541,310,8,1001.375,0.0,23.0,2002-02-10,1,0,1,0,0,0,0.0,0.0,0.0,30% off first travel,9.0,7,Solo Jetsetters,12.507661186618396,First Timer,-1
692211,301,8,993.875,1.0,24.0,2000-07-12,1,0,0,0,0,0,0.0,0.0,0.0,30% off first travel,0.0,7,Solo Jetsetters,12.329297485508537,First Timer,-1
697072,357,8,1094.875,0.4,46.0,1978-12-07,1,0,0,0,3,6,1016.2,5.333333333333333,2495.806613125877,10% off next trip,2.4,7,Solo Jetsetters,26.650899219098516,General,-1
699411,353,8,1080.625,0.4,43.0,1982-03-25,1,1,0,0,3,5,1348.0,6.333333333333333,2392.94163419789,10% off next trip,0.4,7,Solo Jetsetters,26.940038536214207,General,-1
700237,465,8,1145.75,0.75,48.0,1976-09-24,1,0,0,0,2,4,889.0,7.5,2146.506787742485,10% off next trip,1.75,7,Solo Jetsetters,24.48875078076448,General,-1
709630,342,8,1032.5,1.0,47.0,1978-01-27,1,1,1,0,0,0,0.0,0.0,0.0,30% off first travel,0.0,7,Solo Jetsetters,13.184180070033833,First Timer,-1
721570,285,8,992.625,0.0,45.0,1980-03-02,1,0,0,0,1,0,1258.0,0.0,0.0,10% off next trip,17.0,7,Solo Jetsetters,17.666806742334472,Spontaneous Booker,-1
727886,477,8,1618.598072875,0.3333333333333333,47.0,1978-04-20,1,1,0,0,2,4,147.0,6.5,2697.078326932262,10% off next trip,5.833333333333333,7,Solo Jetsetters,28.0661246471447,General,-1
728820,302,8,995.375,0.0,39.0,1985-07-15,0,0,1,0,1,0,450.0,0.0,0.0,10% off next trip,5.0,7,Solo Jetsetters,16.745696825255575,Spontaneous Booker,-1
733654,274,8,1034.25,2.0,69.0,1956-05-26,1,1,0,0,0,0,0.0,0.0,0.0,30% off first travel,9.0,7,Solo Jetsetters,12.391274457435655,First Timer,-1
736075,394,8,1135.125,1.0,28.0,1997-01-15,1,0,0,1,2,4,294.0,7.0,2751.759731480367,10% off next trip,0.75,7,Solo Jetsetters,22.696063171275178,General,-1
763129,460,8,1211.625,0.0,56.0,1969-04-09,1,0,0,0,1,0,1641.6,0.0,0.0,10% off next trip,6.666666666666667,7,Solo Jetsetters,22.37556662375123,Luxury Traveler,-1
770252,292,8,985.125,0.0,26.0,1998-12-12,1,0,0,0,0,0,0.0,0.0,0.0,30% off first travel,0.0,7,Solo Jetsetters,12.139063643737513,First Timer,-1
